Item,Profit,Weight
1,0.125126,56.358531
2,19.330424,80.87405
3,58.500931,47.987304
4,35.029145,89.59624
5,82.284005,74.660482
6,17.41081,85.894345
7,71.050142,51.353496
8,30.399487,1.498459
9,9.140294,36.445204
10,14.731285,16.589862
11,98.852504,44.569231
12,11.908322,0.466933
13,0.89114,37.788018
14,53.166295,57.118442
15,60.176397,60.716575
